[
  {
    "name": "Afghanistan",
    "_id": "AF",
    "alpha-3": "AFG",
    "country-code": "004",
    "iso_3166-2": "ISO 3166-2:AF",
    "region": "Asia",
    "subRegion": "Southern Asia",
    "intermediate-region": "",
    "region-code": 142,
    "subRegion-code": "034",
    "intermediate-region-code": ""
  },
  {
    "name": "Åland Islands",
    "_id": "AX",
    "alpha-3": "ALA",
    "country-code": 248,
    "iso_3166-2": "ISO 3166-2:AX",
    "region": "Europe",
    "subRegion": "Northern Europe",
    "intermediate-region": "",
    "region-code": 150,
    "subRegion-code": 154,
    "intermediate-region-code": ""
  },
  {
    "name": "Albania",
    "_id": "AL",
    "alpha-3": "ALB",
    "country-code": "008",
    "iso_3166-2": "ISO 3166-2:AL",
    "region": "Europe",
    "subRegion": "Southern Europe",
    "intermediate-region": "",
    "region-code": 150,
    "subRegion-code": "039",
    "intermediate-region-code": ""
  },
  {
    "name": "Algeria",
    "_id": "DZ",
    "alpha-3": "DZA",
    "country-code": "012",
    "iso_3166-2": "ISO 3166-2:DZ",
    "region": "Africa",
    "subRegion": "Northern Africa",
    "intermediate-region": "",
    "region-code": "002",
    "subRegion-code": "015",
    "intermediate-region-code": ""
  },
  {
    "name": "American Samoa",
    "_id": "AS",
    "alpha-3": "ASM",
    "country-code": "016",
    "iso_3166-2": "ISO 3166-2:AS",
    "region": "Oceania",
    "subRegion": "Polynesia",
    "intermediate-region": "",
    "region-code": "009",
    "subRegion-code": "061",
    "intermediate-region-code": ""
  },
  {
    "name": "Andorra",
    "_id": "AD",
    "alpha-3": "AND",
    "country-code": "020",
    "iso_3166-2": "ISO 3166-2:AD",
    "region": "Europe",
    "subRegion": "Southern Europe",
    "intermediate-region": "",
    "region-code": 150,
    "subRegion-code": "039",
    "intermediate-region-code": ""
  },
  {
    "name": "Angola",
    "_id": "AO",
    "alpha-3": "AGO",
    "country-code": "024",
    "iso_3166-2": "ISO 3166-2:AO",
    "region": "Africa",
    "subRegion": "Sub-Saharan Africa",
    "intermediate-region": "Middle Africa",
    "region-code": "002",
    "subRegion-code": 202,
    "intermediate-region-code": "017"
  },
  {
    "name": "Anguilla",
    "_id": "AI",
    "alpha-3": "AIA",
    "country-code": 660,
    "iso_3166-2": "ISO 3166-2:AI",
    "region": "Americas",
    "subRegion": "Latin America and the Caribbean",
    "intermediate-region": "Caribbean",
    "region-code": "019",
    "subRegion-code": 419,
    "intermediate-region-code": "029"
  },
  {
    "name": "Antarctica",
    "_id": "AQ",
    "alpha-3": "ATA",
    "country-code": "010",
    "iso_3166-2": "ISO 3166-2:AQ",
    "region": "",
    "subRegion": "",
    "intermediate-region": "",
    "region-code": "",
    "subRegion-code": "",
    "intermediate-region-code": ""
  },
  {
    "name": "Antigua and Barbuda",
    "_id": "AG",
    "alpha-3": "ATG",
    "country-code": "028",
    "iso_3166-2": "ISO 3166-2:AG",
    "region": "Americas",
    "subRegion": "Latin America and the Caribbean",
    "intermediate-region": "Caribbean",
    "region-code": "019",
    "subRegion-code": 419,
    "intermediate-region-code": "029"
  },
  {
    "name": "Argentina",
    "_id": "AR",
    "alpha-3": "ARG",
    "country-code": "032",
    "iso_3166-2": "ISO 3166-2:AR",
    "region": "Americas",
    "subRegion": "Latin America and the Caribbean",
    "intermediate-region": "South America",
    "region-code": "019",
    "subRegion-code": 419,
    "intermediate-region-code": "005"
  },
  {
    "name": "Armenia",
    "_id": "AM",
    "alpha-3": "ARM",
    "country-code": "051",
    "iso_3166-2": "ISO 3166-2:AM",
    "region": "Asia",
    "subRegion": "Western Asia",
    "intermediate-region": "",
    "region-code": 142,
    "subRegion-code": 145,
    "intermediate-region-code": ""
  },
  {
    "name": "Aruba",
    "_id": "AW",
    "alpha-3": "ABW",
    "country-code": 533,
    "iso_3166-2": "ISO 3166-2:AW",
    "region": "Americas",
    "subRegion": "Latin America and the Caribbean",
    "intermediate-region": "Caribbean",
    "region-code": "019",
    "subRegion-code": 419,
    "intermediate-region-code": "029"
  },
  {
    "name": "Australia",
    "_id": "AU",
    "alpha-3": "AUS",
    "country-code": "036",
    "iso_3166-2": "ISO 3166-2:AU",
    "region": "Oceania",
    "subRegion": "Australia and New Zealand",
    "intermediate-region": "",
    "region-code": "009",
    "subRegion-code": "053",
    "intermediate-region-code": ""
  },
  {
    "name": "Austria",
    "_id": "AT",
    "alpha-3": "AUT",
    "country-code": "040",
    "iso_3166-2": "ISO 3166-2:AT",
    "region": "Europe",
    "subRegion": "Western Europe",
    "intermediate-region": "",
    "region-code": 150,
    "subRegion-code": 155,
    "intermediate-region-code": ""
  },
  {
    "name": "Azerbaijan",
    "_id": "AZ",
    "alpha-3": "AZE",
    "country-code": "031",
    "iso_3166-2": "ISO 3166-2:AZ",
    "region": "Asia",
    "subRegion": "Western Asia",
    "intermediate-region": "",
    "region-code": 142,
    "subRegion-code": 145,
    "intermediate-region-code": ""
  },
  {
    "name": "Bahamas",
    "_id": "BS",
    "alpha-3": "BHS",
    "country-code": "044",
    "iso_3166-2": "ISO 3166-2:BS",
    "region": "Americas",
    "subRegion": "Latin America and the Caribbean",
    "intermediate-region": "Caribbean",
    "region-code": "019",
    "subRegion-code": 419,
    "intermediate-region-code": "029"
  },
  {
    "name": "Bahrain",
    "_id": "BH",
    "alpha-3": "BHR",
    "country-code": "048",
    "iso_3166-2": "ISO 3166-2:BH",
    "region": "Asia",
    "subRegion": "Western Asia",
    "intermediate-region": "",
    "region-code": 142,
    "subRegion-code": 145,
    "intermediate-region-code": ""
  },
  {
    "name": "Bangladesh",
    "_id": "BD",
    "alpha-3": "BGD",
    "country-code": "050",
    "iso_3166-2": "ISO 3166-2:BD",
    "region": "Asia",
    "subRegion": "Southern Asia",
    "intermediate-region": "",
    "region-code": 142,
    "subRegion-code": "034",
    "intermediate-region-code": ""
  },
  {
    "name": "Barbados",
    "_id": "BB",
    "alpha-3": "BRB",
    "country-code": "052",
    "iso_3166-2": "ISO 3166-2:BB",
    "region": "Americas",
    "subRegion": "Latin America and the Caribbean",
    "intermediate-region": "Caribbean",
    "region-code": "019",
    "subRegion-code": 419,
    "intermediate-region-code": "029"
  },
  {
    "name": "Belarus",
    "_id": "BY",
    "alpha-3": "BLR",
    "country-code": 112,
    "iso_3166-2": "ISO 3166-2:BY",
    "region": "Europe",
    "subRegion": "Eastern Europe",
    "intermediate-region": "",
    "region-code": 150,
    "subRegion-code": 151,
    "intermediate-region-code": ""
  },
  {
    "name": "Belgium",
    "_id": "BE",
    "alpha-3": "BEL",
    "country-code": "056",
    "iso_3166-2": "ISO 3166-2:BE",
    "region": "Europe",
    "subRegion": "Western Europe",
    "intermediate-region": "",
    "region-code": 150,
    "subRegion-code": 155,
    "intermediate-region-code": ""
  },
  {
    "name": "Belize",
    "_id": "BZ",
    "alpha-3": "BLZ",
    "country-code": "084",
    "iso_3166-2": "ISO 3166-2:BZ",
    "region": "Americas",
    "subRegion": "Latin America and the Caribbean",
    "intermediate-region": "Central America",
    "region-code": "019",
    "subRegion-code": 419,
    "intermediate-region-code": "013"
  },
  {
    "name": "Benin",
    "_id": "BJ",
    "alpha-3": "BEN",
    "country-code": 204,
    "iso_3166-2": "ISO 3166-2:BJ",
    "region": "Africa",
    "subRegion": "Sub-Saharan Africa",
    "intermediate-region": "Western Africa",
    "region-code": "002",
    "subRegion-code": 202,
    "intermediate-region-code": "011"
  },
  {
    "name": "Bermuda",
    "_id": "BM",
    "alpha-3": "BMU",
    "country-code": "060",
    "iso_3166-2": "ISO 3166-2:BM",
    "region": "Americas",
    "subRegion": "Northern America",
    "intermediate-region": "",
    "region-code": "019",
    "subRegion-code": "021",
    "intermediate-region-code": ""
  },
  {
    "name": "Bhutan",
    "_id": "BT",
    "alpha-3": "BTN",
    "country-code": "064",
    "iso_3166-2": "ISO 3166-2:BT",
    "region": "Asia",
    "subRegion": "Southern Asia",
    "intermediate-region": "",
    "region-code": 142,
    "subRegion-code": "034",
    "intermediate-region-code": ""
  },
  {
    "name": "Bolivia (Plurinational State of)",
    "_id": "BO",
    "alpha-3": "BOL",
    "country-code": "068",
    "iso_3166-2": "ISO 3166-2:BO",
    "region": "Americas",
    "subRegion": "Latin America and the Caribbean",
    "intermediate-region": "South America",
    "region-code": "019",
    "subRegion-code": 419,
    "intermediate-region-code": "005"
  },
  {
    "name": "Bonaire, Sint Eustatius and Saba",
    "_id": "BQ",
    "alpha-3": "BES",
    "country-code": 535,
    "iso_3166-2": "ISO 3166-2:BQ",
    "region": "Americas",
    "subRegion": "Latin America and the Caribbean",
    "intermediate-region": "Caribbean",
    "region-code": "019",
    "subRegion-code": 419,
    "intermediate-region-code": "029"
  },
  {
    "name": "Bosnia and Herzegovina",
    "_id": "BA",
    "alpha-3": "BIH",
    "country-code": "070",
    "iso_3166-2": "ISO 3166-2:BA",
    "region": "Europe",
    "subRegion": "Southern Europe",
    "intermediate-region": "",
    "region-code": 150,
    "subRegion-code": "039",
    "intermediate-region-code": ""
  },
  {
    "name": "Botswana",
    "_id": "BW",
    "alpha-3": "BWA",
    "country-code": "072",
    "iso_3166-2": "ISO 3166-2:BW",
    "region": "Africa",
    "subRegion": "Sub-Saharan Africa",
    "intermediate-region": "Southern Africa",
    "region-code": "002",
    "subRegion-code": 202,
    "intermediate-region-code": "018"
  },
  {
    "name": "Bouvet Island",
    "_id": "BV",
    "alpha-3": "BVT",
    "country-code": "074",
    "iso_3166-2": "ISO 3166-2:BV",
    "region": "Americas",
    "subRegion": "Latin America and the Caribbean",
    "intermediate-region": "South America",
    "region-code": "019",
    "subRegion-code": 419,
    "intermediate-region-code": "005"
  },
  {
    "name": "Brazil",
    "_id": "BR",
    "alpha-3": "BRA",
    "country-code": "076",
    "iso_3166-2": "ISO 3166-2:BR",
    "region": "Americas",
    "subRegion": "Latin America and the Caribbean",
    "intermediate-region": "South America",
    "region-code": "019",
    "subRegion-code": 419,
    "intermediate-region-code": "005"
  },
  {
    "name": "British Indian Ocean Territory",
    "_id": "IO",
    "alpha-3": "IOT",
    "country-code": "086",
    "iso_3166-2": "ISO 3166-2:IO",
    "region": "Africa",
    "subRegion": "Sub-Saharan Africa",
    "intermediate-region": "Eastern Africa",
    "region-code": "002",
    "subRegion-code": 202,
    "intermediate-region-code": "014"
  },
  {
    "name": "Brunei Darussalam",
    "_id": "BN",
    "alpha-3": "BRN",
    "country-code": "096",
    "iso_3166-2": "ISO 3166-2:BN",
    "region": "Asia",
    "subRegion": "South-eastern Asia",
    "intermediate-region": "",
    "region-code": 142,
    "subRegion-code": "035",
    "intermediate-region-code": ""
  },
  {
    "name": "Bulgaria",
    "_id": "BG",
    "alpha-3": "BGR",
    "country-code": 100,
    "iso_3166-2": "ISO 3166-2:BG",
    "region": "Europe",
    "subRegion": "Eastern Europe",
    "intermediate-region": "",
    "region-code": 150,
    "subRegion-code": 151,
    "intermediate-region-code": ""
  },
  {
    "name": "Burkina Faso",
    "_id": "BF",
    "alpha-3": "BFA",
    "country-code": 854,
    "iso_3166-2": "ISO 3166-2:BF",
    "region": "Africa",
    "subRegion": "Sub-Saharan Africa",
    "intermediate-region": "Western Africa",
    "region-code": "002",
    "subRegion-code": 202,
    "intermediate-region-code": "011"
  },
  {
    "name": "Burundi",
    "_id": "BI",
    "alpha-3": "BDI",
    "country-code": 108,
    "iso_3166-2": "ISO 3166-2:BI",
    "region": "Africa",
    "subRegion": "Sub-Saharan Africa",
    "intermediate-region": "Eastern Africa",
    "region-code": "002",
    "subRegion-code": 202,
    "intermediate-region-code": "014"
  },
  {
    "name": "Cabo Verde",
    "_id": "CV",
    "alpha-3": "CPV",
    "country-code": 132,
    "iso_3166-2": "ISO 3166-2:CV",
    "region": "Africa",
    "subRegion": "Sub-Saharan Africa",
    "intermediate-region": "Western Africa",
    "region-code": "002",
    "subRegion-code": 202,
    "intermediate-region-code": "011"
  },
  {
    "name": "Cambodia",
    "_id": "KH",
    "alpha-3": "KHM",
    "country-code": 116,
    "iso_3166-2": "ISO 3166-2:KH",
    "region": "Asia",
    "subRegion": "South-eastern Asia",
    "intermediate-region": "",
    "region-code": 142,
    "subRegion-code": "035",
    "intermediate-region-code": ""
  },
  {
    "name": "Cameroon",
    "_id": "CM",
    "alpha-3": "CMR",
    "country-code": 120,
    "iso_3166-2": "ISO 3166-2:CM",
    "region": "Africa",
    "subRegion": "Sub-Saharan Africa",
    "intermediate-region": "Middle Africa",
    "region-code": "002",
    "subRegion-code": 202,
    "intermediate-region-code": "017"
  },
  {
    "name": "Canada",
    "_id": "CA",
    "alpha-3": "CAN",
    "country-code": 124,
    "iso_3166-2": "ISO 3166-2:CA",
    "region": "Americas",
    "subRegion": "Northern America",
    "intermediate-region": "",
    "region-code": "019",
    "subRegion-code": "021",
    "intermediate-region-code": ""
  },
  {
    "name": "Cayman Islands",
    "_id": "KY",
    "alpha-3": "CYM",
    "country-code": 136,
    "iso_3166-2": "ISO 3166-2:KY",
    "region": "Americas",
    "subRegion": "Latin America and the Caribbean",
    "intermediate-region": "Caribbean",
    "region-code": "019",
    "subRegion-code": 419,
    "intermediate-region-code": "029"
  },
  {
    "name": "Central African Republic",
    "_id": "CF",
    "alpha-3": "CAF",
    "country-code": 140,
    "iso_3166-2": "ISO 3166-2:CF",
    "region": "Africa",
    "subRegion": "Sub-Saharan Africa",
    "intermediate-region": "Middle Africa",
    "region-code": "002",
    "subRegion-code": 202,
    "intermediate-region-code": "017"
  },
  {
    "name": "Chad",
    "_id": "TD",
    "alpha-3": "TCD",
    "country-code": 148,
    "iso_3166-2": "ISO 3166-2:TD",
    "region": "Africa",
    "subRegion": "Sub-Saharan Africa",
    "intermediate-region": "Middle Africa",
    "region-code": "002",
    "subRegion-code": 202,
    "intermediate-region-code": "017"
  },
  {
    "name": "Chile",
    "_id": "CL",
    "alpha-3": "CHL",
    "country-code": 152,
    "iso_3166-2": "ISO 3166-2:CL",
    "region": "Americas",
    "subRegion": "Latin America and the Caribbean",
    "intermediate-region": "South America",
    "region-code": "019",
    "subRegion-code": 419,
    "intermediate-region-code": "005"
  },
  {
    "name": "China",
    "_id": "CN",
    "alpha-3": "CHN",
    "country-code": 156,
    "iso_3166-2": "ISO 3166-2:CN",
    "region": "Asia",
    "subRegion": "Eastern Asia",
    "intermediate-region": "",
    "region-code": 142,
    "subRegion-code": "030",
    "intermediate-region-code": ""
  },
  {
    "name": "Christmas Island",
    "_id": "CX",
    "alpha-3": "CXR",
    "country-code": 162,
    "iso_3166-2": "ISO 3166-2:CX",
    "region": "Oceania",
    "subRegion": "Australia and New Zealand",
    "intermediate-region": "",
    "region-code": "009",
    "subRegion-code": "053",
    "intermediate-region-code": ""
  },
  {
    "name": "Cocos (Keeling) Islands",
    "_id": "CC",
    "alpha-3": "CCK",
    "country-code": 166,
    "iso_3166-2": "ISO 3166-2:CC",
    "region": "Oceania",
    "subRegion": "Australia and New Zealand",
    "intermediate-region": "",
    "region-code": "009",
    "subRegion-code": "053",
    "intermediate-region-code": ""
  },
  {
    "name": "Colombia",
    "_id": "CO",
    "alpha-3": "COL",
    "country-code": 170,
    "iso_3166-2": "ISO 3166-2:CO",
    "region": "Americas",
    "subRegion": "Latin America and the Caribbean",
    "intermediate-region": "South America",
    "region-code": "019",
    "subRegion-code": 419,
    "intermediate-region-code": "005"
  },
  {
    "name": "Comoros",
    "_id": "KM",
    "alpha-3": "COM",
    "country-code": 174,
    "iso_3166-2": "ISO 3166-2:KM",
    "region": "Africa",
    "subRegion": "Sub-Saharan Africa",
    "intermediate-region": "Eastern Africa",
    "region-code": "002",
    "subRegion-code": 202,
    "intermediate-region-code": "014"
  },
  {
    "name": "Congo",
    "_id": "CG",
    "alpha-3": "COG",
    "country-code": 178,
    "iso_3166-2": "ISO 3166-2:CG",
    "region": "Africa",
    "subRegion": "Sub-Saharan Africa",
    "intermediate-region": "Middle Africa",
    "region-code": "002",
    "subRegion-code": 202,
    "intermediate-region-code": "017"
  },
  {
    "name": "Congo, Democratic Republic of the",
    "_id": "CD",
    "alpha-3": "COD",
    "country-code": 180,
    "iso_3166-2": "ISO 3166-2:CD",
    "region": "Africa",
    "subRegion": "Sub-Saharan Africa",
    "intermediate-region": "Middle Africa",
    "region-code": "002",
    "subRegion-code": 202,
    "intermediate-region-code": "017"
  },
  {
    "name": "Cook Islands",
    "_id": "CK",
    "alpha-3": "COK",
    "country-code": 184,
    "iso_3166-2": "ISO 3166-2:CK",
    "region": "Oceania",
    "subRegion": "Polynesia",
    "intermediate-region": "",
    "region-code": "009",
    "subRegion-code": "061",
    "intermediate-region-code": ""
  },
  {
    "name": "Costa Rica",
    "_id": "CR",
    "alpha-3": "CRI",
    "country-code": 188,
    "iso_3166-2": "ISO 3166-2:CR",
    "region": "Americas",
    "subRegion": "Latin America and the Caribbean",
    "intermediate-region": "Central America",
    "region-code": "019",
    "subRegion-code": 419,
    "intermediate-region-code": "013"
  },
  {
    "name": "Côte d'Ivoire",
    "_id": "CI",
    "alpha-3": "CIV",
    "country-code": 384,
    "iso_3166-2": "ISO 3166-2:CI",
    "region": "Africa",
    "subRegion": "Sub-Saharan Africa",
    "intermediate-region": "Western Africa",
    "region-code": "002",
    "subRegion-code": 202,
    "intermediate-region-code": "011"
  },
  {
    "name": "Croatia",
    "_id": "HR",
    "alpha-3": "HRV",
    "country-code": 191,
    "iso_3166-2": "ISO 3166-2:HR",
    "region": "Europe",
    "subRegion": "Southern Europe",
    "intermediate-region": "",
    "region-code": 150,
    "subRegion-code": "039",
    "intermediate-region-code": ""
  },
  {
    "name": "Cuba",
    "_id": "CU",
    "alpha-3": "CUB",
    "country-code": 192,
    "iso_3166-2": "ISO 3166-2:CU",
    "region": "Americas",
    "subRegion": "Latin America and the Caribbean",
    "intermediate-region": "Caribbean",
    "region-code": "019",
    "subRegion-code": 419,
    "intermediate-region-code": "029"
  },
  {
    "name": "Curaçao",
    "_id": "CW",
    "alpha-3": "CUW",
    "country-code": 531,
    "iso_3166-2": "ISO 3166-2:CW",
    "region": "Americas",
    "subRegion": "Latin America and the Caribbean",
    "intermediate-region": "Caribbean",
    "region-code": "019",
    "subRegion-code": 419,
    "intermediate-region-code": "029"
  },
  {
    "name": "Cyprus",
    "_id": "CY",
    "alpha-3": "CYP",
    "country-code": 196,
    "iso_3166-2": "ISO 3166-2:CY",
    "region": "Asia",
    "subRegion": "Western Asia",
    "intermediate-region": "",
    "region-code": 142,
    "subRegion-code": 145,
    "intermediate-region-code": ""
  },
  {
    "name": "Czechia",
    "_id": "CZ",
    "alpha-3": "CZE",
    "country-code": 203,
    "iso_3166-2": "ISO 3166-2:CZ",
    "region": "Europe",
    "subRegion": "Eastern Europe",
    "intermediate-region": "",
    "region-code": 150,
    "subRegion-code": 151,
    "intermediate-region-code": ""
  },
  {
    "name": "Denmark",
    "_id": "DK",
    "alpha-3": "DNK",
    "country-code": 208,
    "iso_3166-2": "ISO 3166-2:DK",
    "region": "Europe",
    "subRegion": "Northern Europe",
    "intermediate-region": "",
    "region-code": 150,
    "subRegion-code": 154,
    "intermediate-region-code": ""
  },
  {
    "name": "Djibouti",
    "_id": "DJ",
    "alpha-3": "DJI",
    "country-code": 262,
    "iso_3166-2": "ISO 3166-2:DJ",
    "region": "Africa",
    "subRegion": "Sub-Saharan Africa",
    "intermediate-region": "Eastern Africa",
    "region-code": "002",
    "subRegion-code": 202,
    "intermediate-region-code": "014"
  },
  {
    "name": "Dominica",
    "_id": "DM",
    "alpha-3": "DMA",
    "country-code": 212,
    "iso_3166-2": "ISO 3166-2:DM",
    "region": "Americas",
    "subRegion": "Latin America and the Caribbean",
    "intermediate-region": "Caribbean",
    "region-code": "019",
    "subRegion-code": 419,
    "intermediate-region-code": "029"
  },
  {
    "name": "Dominican Republic",
    "_id": "DO",
    "alpha-3": "DOM",
    "country-code": 214,
    "iso_3166-2": "ISO 3166-2:DO",
    "region": "Americas",
    "subRegion": "Latin America and the Caribbean",
    "intermediate-region": "Caribbean",
    "region-code": "019",
    "subRegion-code": 419,
    "intermediate-region-code": "029"
  },
  {
    "name": "Ecuador",
    "_id": "EC",
    "alpha-3": "ECU",
    "country-code": 218,
    "iso_3166-2": "ISO 3166-2:EC",
    "region": "Americas",
    "subRegion": "Latin America and the Caribbean",
    "intermediate-region": "South America",
    "region-code": "019",
    "subRegion-code": 419,
    "intermediate-region-code": "005"
  },
  {
    "name": "Egypt",
    "_id": "EG",
    "alpha-3": "EGY",
    "country-code": 818,
    "iso_3166-2": "ISO 3166-2:EG",
    "region": "Africa",
    "subRegion": "Northern Africa",
    "intermediate-region": "",
    "region-code": "002",
    "subRegion-code": "015",
    "intermediate-region-code": ""
  },
  {
    "name": "El Salvador",
    "_id": "SV",
    "alpha-3": "SLV",
    "country-code": 222,
    "iso_3166-2": "ISO 3166-2:SV",
    "region": "Americas",
    "subRegion": "Latin America and the Caribbean",
    "intermediate-region": "Central America",
    "region-code": "019",
    "subRegion-code": 419,
    "intermediate-region-code": "013"
  },
  {
    "name": "Equatorial Guinea",
    "_id": "GQ",
    "alpha-3": "GNQ",
    "country-code": 226,
    "iso_3166-2": "ISO 3166-2:GQ",
    "region": "Africa",
    "subRegion": "Sub-Saharan Africa",
    "intermediate-region": "Middle Africa",
    "region-code": "002",
    "subRegion-code": 202,
    "intermediate-region-code": "017"
  },
  {
    "name": "Eritrea",
    "_id": "ER",
    "alpha-3": "ERI",
    "country-code": 232,
    "iso_3166-2": "ISO 3166-2:ER",
    "region": "Africa",
    "subRegion": "Sub-Saharan Africa",
    "intermediate-region": "Eastern Africa",
    "region-code": "002",
    "subRegion-code": 202,
    "intermediate-region-code": "014"
  },
  {
    "name": "Estonia",
    "_id": "EE",
    "alpha-3": "EST",
    "country-code": 233,
    "iso_3166-2": "ISO 3166-2:EE",
    "region": "Europe",
    "subRegion": "Northern Europe",
    "intermediate-region": "",
    "region-code": 150,
    "subRegion-code": 154,
    "intermediate-region-code": ""
  },
  {
    "name": "Eswatini",
    "_id": "SZ",
    "alpha-3": "SWZ",
    "country-code": 748,
    "iso_3166-2": "ISO 3166-2:SZ",
    "region": "Africa",
    "subRegion": "Sub-Saharan Africa",
    "intermediate-region": "Southern Africa",
    "region-code": "002",
    "subRegion-code": 202,
    "intermediate-region-code": "018"
  },
  {
    "name": "Ethiopia",
    "_id": "ET",
    "alpha-3": "ETH",
    "country-code": 231,
    "iso_3166-2": "ISO 3166-2:ET",
    "region": "Africa",
    "subRegion": "Sub-Saharan Africa",
    "intermediate-region": "Eastern Africa",
    "region-code": "002",
    "subRegion-code": 202,
    "intermediate-region-code": "014"
  },
  {
    "name": "Falkland Islands (Malvinas)",
    "_id": "FK",
    "alpha-3": "FLK",
    "country-code": 238,
    "iso_3166-2": "ISO 3166-2:FK",
    "region": "Americas",
    "subRegion": "Latin America and the Caribbean",
    "intermediate-region": "South America",
    "region-code": "019",
    "subRegion-code": 419,
    "intermediate-region-code": "005"
  },
  {
    "name": "Faroe Islands",
    "_id": "FO",
    "alpha-3": "FRO",
    "country-code": 234,
    "iso_3166-2": "ISO 3166-2:FO",
    "region": "Europe",
    "subRegion": "Northern Europe",
    "intermediate-region": "",
    "region-code": 150,
    "subRegion-code": 154,
    "intermediate-region-code": ""
  },
  {
    "name": "Fiji",
    "_id": "FJ",
    "alpha-3": "FJI",
    "country-code": 242,
    "iso_3166-2": "ISO 3166-2:FJ",
    "region": "Oceania",
    "subRegion": "Melanesia",
    "intermediate-region": "",
    "region-code": "009",
    "subRegion-code": "054",
    "intermediate-region-code": ""
  },
  {
    "name": "Finland",
    "_id": "FI",
    "alpha-3": "FIN",
    "country-code": 246,
    "iso_3166-2": "ISO 3166-2:FI",
    "region": "Europe",
    "subRegion": "Northern Europe",
    "intermediate-region": "",
    "region-code": 150,
    "subRegion-code": 154,
    "intermediate-region-code": ""
  },
  {
    "name": "France",
    "_id": "FR",
    "alpha-3": "FRA",
    "country-code": 250,
    "iso_3166-2": "ISO 3166-2:FR",
    "region": "Europe",
    "subRegion": "Western Europe",
    "intermediate-region": "",
    "region-code": 150,
    "subRegion-code": 155,
    "intermediate-region-code": ""
  },
  {
    "name": "French Guiana",
    "_id": "GF",
    "alpha-3": "GUF",
    "country-code": 254,
    "iso_3166-2": "ISO 3166-2:GF",
    "region": "Americas",
    "subRegion": "Latin America and the Caribbean",
    "intermediate-region": "South America",
    "region-code": "019",
    "subRegion-code": 419,
    "intermediate-region-code": "005"
  },
  {
    "name": "French Polynesia",
    "_id": "PF",
    "alpha-3": "PYF",
    "country-code": 258,
    "iso_3166-2": "ISO 3166-2:PF",
    "region": "Oceania",
    "subRegion": "Polynesia",
    "intermediate-region": "",
    "region-code": "009",
    "subRegion-code": "061",
    "intermediate-region-code": ""
  },
  {
    "name": "French Southern Territories",
    "_id": "TF",
    "alpha-3": "ATF",
    "country-code": 260,
    "iso_3166-2": "ISO 3166-2:TF",
    "region": "Africa",
    "subRegion": "Sub-Saharan Africa",
    "intermediate-region": "Eastern Africa",
    "region-code": "002",
    "subRegion-code": 202,
    "intermediate-region-code": "014"
  },
  {
    "name": "Gabon",
    "_id": "GA",
    "alpha-3": "GAB",
    "country-code": 266,
    "iso_3166-2": "ISO 3166-2:GA",
    "region": "Africa",
    "subRegion": "Sub-Saharan Africa",
    "intermediate-region": "Middle Africa",
    "region-code": "002",
    "subRegion-code": 202,
    "intermediate-region-code": "017"
  },
  {
    "name": "Gambia",
    "_id": "GM",
    "alpha-3": "GMB",
    "country-code": 270,
    "iso_3166-2": "ISO 3166-2:GM",
    "region": "Africa",
    "subRegion": "Sub-Saharan Africa",
    "intermediate-region": "Western Africa",
    "region-code": "002",
    "subRegion-code": 202,
    "intermediate-region-code": "011"
  },
  {
    "name": "Georgia",
    "_id": "GE",
    "alpha-3": "GEO",
    "country-code": 268,
    "iso_3166-2": "ISO 3166-2:GE",
    "region": "Asia",
    "subRegion": "Western Asia",
    "intermediate-region": "",
    "region-code": 142,
    "subRegion-code": 145,
    "intermediate-region-code": ""
  },
  {
    "name": "Germany",
    "_id": "DE",
    "alpha-3": "DEU",
    "country-code": 276,
    "iso_3166-2": "ISO 3166-2:DE",
    "region": "Europe",
    "subRegion": "Western Europe",
    "intermediate-region": "",
    "region-code": 150,
    "subRegion-code": 155,
    "intermediate-region-code": ""
  },
  {
    "name": "Ghana",
    "_id": "GH",
    "alpha-3": "GHA",
    "country-code": 288,
    "iso_3166-2": "ISO 3166-2:GH",
    "region": "Africa",
    "subRegion": "Sub-Saharan Africa",
    "intermediate-region": "Western Africa",
    "region-code": "002",
    "subRegion-code": 202,
    "intermediate-region-code": "011"
  },
  {
    "name": "Gibraltar",
    "_id": "GI",
    "alpha-3": "GIB",
    "country-code": 292,
    "iso_3166-2": "ISO 3166-2:GI",
    "region": "Europe",
    "subRegion": "Southern Europe",
    "intermediate-region": "",
    "region-code": 150,
    "subRegion-code": "039",
    "intermediate-region-code": ""
  },
  {
    "name": "Greece",
    "_id": "GR",
    "alpha-3": "GRC",
    "country-code": 300,
    "iso_3166-2": "ISO 3166-2:GR",
    "region": "Europe",
    "subRegion": "Southern Europe",
    "intermediate-region": "",
    "region-code": 150,
    "subRegion-code": "039",
    "intermediate-region-code": ""
  },
  {
    "name": "Greenland",
    "_id": "GL",
    "alpha-3": "GRL",
    "country-code": 304,
    "iso_3166-2": "ISO 3166-2:GL",
    "region": "Americas",
    "subRegion": "Northern America",
    "intermediate-region": "",
    "region-code": "019",
    "subRegion-code": "021",
    "intermediate-region-code": ""
  },
  {
    "name": "Grenada",
    "_id": "GD",
    "alpha-3": "GRD",
    "country-code": 308,
    "iso_3166-2": "ISO 3166-2:GD",
    "region": "Americas",
    "subRegion": "Latin America and the Caribbean",
    "intermediate-region": "Caribbean",
    "region-code": "019",
    "subRegion-code": 419,
    "intermediate-region-code": "029"
  },
  {
    "name": "Guadeloupe",
    "_id": "GP",
    "alpha-3": "GLP",
    "country-code": 312,
    "iso_3166-2": "ISO 3166-2:GP",
    "region": "Americas",
    "subRegion": "Latin America and the Caribbean",
    "intermediate-region": "Caribbean",
    "region-code": "019",
    "subRegion-code": 419,
    "intermediate-region-code": "029"
  },
  {
    "name": "Guam",
    "_id": "GU",
    "alpha-3": "GUM",
    "country-code": 316,
    "iso_3166-2": "ISO 3166-2:GU",
    "region": "Oceania",
    "subRegion": "Micronesia",
    "intermediate-region": "",
    "region-code": "009",
    "subRegion-code": "057",
    "intermediate-region-code": ""
  },
  {
    "name": "Guatemala",
    "_id": "GT",
    "alpha-3": "GTM",
    "country-code": 320,
    "iso_3166-2": "ISO 3166-2:GT",
    "region": "Americas",
    "subRegion": "Latin America and the Caribbean",
    "intermediate-region": "Central America",
    "region-code": "019",
    "subRegion-code": 419,
    "intermediate-region-code": "013"
  },
  {
    "name": "Guernsey",
    "_id": "GG",
    "alpha-3": "GGY",
    "country-code": 831,
    "iso_3166-2": "ISO 3166-2:GG",
    "region": "Europe",
    "subRegion": "Northern Europe",
    "intermediate-region": "Channel Islands",
    "region-code": 150,
    "subRegion-code": 154,
    "intermediate-region-code": 830
  },
  {
    "name": "Guinea",
    "_id": "GN",
    "alpha-3": "GIN",
    "country-code": 324,
    "iso_3166-2": "ISO 3166-2:GN",
    "region": "Africa",
    "subRegion": "Sub-Saharan Africa",
    "intermediate-region": "Western Africa",
    "region-code": "002",
    "subRegion-code": 202,
    "intermediate-region-code": "011"
  },
  {
    "name": "Guinea-Bissau",
    "_id": "GW",
    "alpha-3": "GNB",
    "country-code": 624,
    "iso_3166-2": "ISO 3166-2:GW",
    "region": "Africa",
    "subRegion": "Sub-Saharan Africa",
    "intermediate-region": "Western Africa",
    "region-code": "002",
    "subRegion-code": 202,
    "intermediate-region-code": "011"
  },
  {
    "name": "Guyana",
    "_id": "GY",
    "alpha-3": "GUY",
    "country-code": 328,
    "iso_3166-2": "ISO 3166-2:GY",
    "region": "Americas",
    "subRegion": "Latin America and the Caribbean",
    "intermediate-region": "South America",
    "region-code": "019",
    "subRegion-code": 419,
    "intermediate-region-code": "005"
  },
  {
    "name": "Haiti",
    "_id": "HT",
    "alpha-3": "HTI",
    "country-code": 332,
    "iso_3166-2": "ISO 3166-2:HT",
    "region": "Americas",
    "subRegion": "Latin America and the Caribbean",
    "intermediate-region": "Caribbean",
    "region-code": "019",
    "subRegion-code": 419,
    "intermediate-region-code": "029"
  },
  {
    "name": "Heard Island and McDonald Islands",
    "_id": "HM",
    "alpha-3": "HMD",
    "country-code": 334,
    "iso_3166-2": "ISO 3166-2:HM",
    "region": "Oceania",
    "subRegion": "Australia and New Zealand",
    "intermediate-region": "",
    "region-code": "009",
    "subRegion-code": "053",
    "intermediate-region-code": ""
  },
  {
    "name": "Holy See",
    "_id": "VA",
    "alpha-3": "VAT",
    "country-code": 336,
    "iso_3166-2": "ISO 3166-2:VA",
    "region": "Europe",
    "subRegion": "Southern Europe",
    "intermediate-region": "",
    "region-code": 150,
    "subRegion-code": "039",
    "intermediate-region-code": ""
  },
  {
    "name": "Honduras",
    "_id": "HN",
    "alpha-3": "HND",
    "country-code": 340,
    "iso_3166-2": "ISO 3166-2:HN",
    "region": "Americas",
    "subRegion": "Latin America and the Caribbean",
    "intermediate-region": "Central America",
    "region-code": "019",
    "subRegion-code": 419,
    "intermediate-region-code": "013"
  },
  {
    "name": "Hong Kong",
    "_id": "HK",
    "alpha-3": "HKG",
    "country-code": 344,
    "iso_3166-2": "ISO 3166-2:HK",
    "region": "Asia",
    "subRegion": "Eastern Asia",
    "intermediate-region": "",
    "region-code": 142,
    "subRegion-code": "030",
    "intermediate-region-code": ""
  },
  {
    "name": "Hungary",
    "_id": "HU",
    "alpha-3": "HUN",
    "country-code": 348,
    "iso_3166-2": "ISO 3166-2:HU",
    "region": "Europe",
    "subRegion": "Eastern Europe",
    "intermediate-region": "",
    "region-code": 150,
    "subRegion-code": 151,
    "intermediate-region-code": ""
  },
  {
    "name": "Iceland",
    "_id": "IS",
    "alpha-3": "ISL",
    "country-code": 352,
    "iso_3166-2": "ISO 3166-2:IS",
    "region": "Europe",
    "subRegion": "Northern Europe",
    "intermediate-region": "",
    "region-code": 150,
    "subRegion-code": 154,
    "intermediate-region-code": ""
  },
  {
    "name": "India",
    "_id": "IN",
    "alpha-3": "IND",
    "country-code": 356,
    "iso_3166-2": "ISO 3166-2:IN",
    "region": "Asia",
    "subRegion": "Southern Asia",
    "intermediate-region": "",
    "region-code": 142,
    "subRegion-code": "034",
    "intermediate-region-code": ""
  },
  {
    "name": "Indonesia",
    "_id": "ID",
    "alpha-3": "IDN",
    "country-code": 360,
    "iso_3166-2": "ISO 3166-2:ID",
    "region": "Asia",
    "subRegion": "South-eastern Asia",
    "intermediate-region": "",
    "region-code": 142,
    "subRegion-code": "035",
    "intermediate-region-code": ""
  },
  {
    "name": "Iran (Islamic Republic of)",
    "_id": "IR",
    "alpha-3": "IRN",
    "country-code": 364,
    "iso_3166-2": "ISO 3166-2:IR",
    "region": "Asia",
    "subRegion": "Southern Asia",
    "intermediate-region": "",
    "region-code": 142,
    "subRegion-code": "034",
    "intermediate-region-code": ""
  },
  {
    "name": "Iraq",
    "_id": "IQ",
    "alpha-3": "IRQ",
    "country-code": 368,
    "iso_3166-2": "ISO 3166-2:IQ",
    "region": "Asia",
    "subRegion": "Western Asia",
    "intermediate-region": "",
    "region-code": 142,
    "subRegion-code": 145,
    "intermediate-region-code": ""
  },
  {
    "name": "Ireland",
    "_id": "IE",
    "alpha-3": "IRL",
    "country-code": 372,
    "iso_3166-2": "ISO 3166-2:IE",
    "region": "Europe",
    "subRegion": "Northern Europe",
    "intermediate-region": "",
    "region-code": 150,
    "subRegion-code": 154,
    "intermediate-region-code": ""
  },
  {
    "name": "Isle of Man",
    "_id": "IM",
    "alpha-3": "IMN",
    "country-code": 833,
    "iso_3166-2": "ISO 3166-2:IM",
    "region": "Europe",
    "subRegion": "Northern Europe",
    "intermediate-region": "",
    "region-code": 150,
    "subRegion-code": 154,
    "intermediate-region-code": ""
  },
  {
    "name": "Israel",
    "_id": "IL",
    "alpha-3": "ISR",
    "country-code": 376,
    "iso_3166-2": "ISO 3166-2:IL",
    "region": "Asia",
    "subRegion": "Western Asia",
    "intermediate-region": "",
    "region-code": 142,
    "subRegion-code": 145,
    "intermediate-region-code": ""
  },
  {
    "name": "Italy",
    "_id": "IT",
    "alpha-3": "ITA",
    "country-code": 380,
    "iso_3166-2": "ISO 3166-2:IT",
    "region": "Europe",
    "subRegion": "Southern Europe",
    "intermediate-region": "",
    "region-code": 150,
    "subRegion-code": "039",
    "intermediate-region-code": ""
  },
  {
    "name": "Jamaica",
    "_id": "JM",
    "alpha-3": "JAM",
    "country-code": 388,
    "iso_3166-2": "ISO 3166-2:JM",
    "region": "Americas",
    "subRegion": "Latin America and the Caribbean",
    "intermediate-region": "Caribbean",
    "region-code": "019",
    "subRegion-code": 419,
    "intermediate-region-code": "029"
  },
  {
    "name": "Japan",
    "_id": "JP",
    "alpha-3": "JPN",
    "country-code": 392,
    "iso_3166-2": "ISO 3166-2:JP",
    "region": "Asia",
    "subRegion": "Eastern Asia",
    "intermediate-region": "",
    "region-code": 142,
    "subRegion-code": "030",
    "intermediate-region-code": ""
  },
  {
    "name": "Jersey",
    "_id": "JE",
    "alpha-3": "JEY",
    "country-code": 832,
    "iso_3166-2": "ISO 3166-2:JE",
    "region": "Europe",
    "subRegion": "Northern Europe",
    "intermediate-region": "Channel Islands",
    "region-code": 150,
    "subRegion-code": 154,
    "intermediate-region-code": 830
  },
  {
    "name": "Jordan",
    "_id": "JO",
    "alpha-3": "JOR",
    "country-code": 400,
    "iso_3166-2": "ISO 3166-2:JO",
    "region": "Asia",
    "subRegion": "Western Asia",
    "intermediate-region": "",
    "region-code": 142,
    "subRegion-code": 145,
    "intermediate-region-code": ""
  },
  {
    "name": "Kazakhstan",
    "_id": "KZ",
    "alpha-3": "KAZ",
    "country-code": 398,
    "iso_3166-2": "ISO 3166-2:KZ",
    "region": "Asia",
    "subRegion": "Central Asia",
    "intermediate-region": "",
    "region-code": 142,
    "subRegion-code": 143,
    "intermediate-region-code": ""
  },
  {
    "name": "Kenya",
    "_id": "KE",
    "alpha-3": "KEN",
    "country-code": 404,
    "iso_3166-2": "ISO 3166-2:KE",
    "region": "Africa",
    "subRegion": "Sub-Saharan Africa",
    "intermediate-region": "Eastern Africa",
    "region-code": "002",
    "subRegion-code": 202,
    "intermediate-region-code": "014"
  },
  {
    "name": "Kiribati",
    "_id": "KI",
    "alpha-3": "KIR",
    "country-code": 296,
    "iso_3166-2": "ISO 3166-2:KI",
    "region": "Oceania",
    "subRegion": "Micronesia",
    "intermediate-region": "",
    "region-code": "009",
    "subRegion-code": "057",
    "intermediate-region-code": ""
  },
  {
    "name": "Korea (Democratic People's Republic of)",
    "_id": "KP",
    "alpha-3": "PRK",
    "country-code": 408,
    "iso_3166-2": "ISO 3166-2:KP",
    "region": "Asia",
    "subRegion": "Eastern Asia",
    "intermediate-region": "",
    "region-code": 142,
    "subRegion-code": "030",
    "intermediate-region-code": ""
  },
  {
    "name": "Korea, Republic of",
    "_id": "KR",
    "alpha-3": "KOR",
    "country-code": 410,
    "iso_3166-2": "ISO 3166-2:KR",
    "region": "Asia",
    "subRegion": "Eastern Asia",
    "intermediate-region": "",
    "region-code": 142,
    "subRegion-code": "030",
    "intermediate-region-code": ""
  },
  {
    "name": "Kuwait",
    "_id": "KW",
    "alpha-3": "KWT",
    "country-code": 414,
    "iso_3166-2": "ISO 3166-2:KW",
    "region": "Asia",
    "subRegion": "Western Asia",
    "intermediate-region": "",
    "region-code": 142,
    "subRegion-code": 145,
    "intermediate-region-code": ""
  },
  {
    "name": "Kyrgyzstan",
    "_id": "KG",
    "alpha-3": "KGZ",
    "country-code": 417,
    "iso_3166-2": "ISO 3166-2:KG",
    "region": "Asia",
    "subRegion": "Central Asia",
    "intermediate-region": "",
    "region-code": 142,
    "subRegion-code": 143,
    "intermediate-region-code": ""
  },
  {
    "name": "Lao People's Democratic Republic",
    "_id": "LA",
    "alpha-3": "LAO",
    "country-code": 418,
    "iso_3166-2": "ISO 3166-2:LA",
    "region": "Asia",
    "subRegion": "South-eastern Asia",
    "intermediate-region": "",
    "region-code": 142,
    "subRegion-code": "035",
    "intermediate-region-code": ""
  },
  {
    "name": "Latvia",
    "_id": "LV",
    "alpha-3": "LVA",
    "country-code": 428,
    "iso_3166-2": "ISO 3166-2:LV",
    "region": "Europe",
    "subRegion": "Northern Europe",
    "intermediate-region": "",
    "region-code": 150,
    "subRegion-code": 154,
    "intermediate-region-code": ""
  },
  {
    "name": "Lebanon",
    "_id": "LB",
    "alpha-3": "LBN",
    "country-code": 422,
    "iso_3166-2": "ISO 3166-2:LB",
    "region": "Asia",
    "subRegion": "Western Asia",
    "intermediate-region": "",
    "region-code": 142,
    "subRegion-code": 145,
    "intermediate-region-code": ""
  },
  {
    "name": "Lesotho",
    "_id": "LS",
    "alpha-3": "LSO",
    "country-code": 426,
    "iso_3166-2": "ISO 3166-2:LS",
    "region": "Africa",
    "subRegion": "Sub-Saharan Africa",
    "intermediate-region": "Southern Africa",
    "region-code": "002",
    "subRegion-code": 202,
    "intermediate-region-code": "018"
  },
  {
    "name": "Liberia",
    "_id": "LR",
    "alpha-3": "LBR",
    "country-code": 430,
    "iso_3166-2": "ISO 3166-2:LR",
    "region": "Africa",
    "subRegion": "Sub-Saharan Africa",
    "intermediate-region": "Western Africa",
    "region-code": "002",
    "subRegion-code": 202,
    "intermediate-region-code": "011"
  },
  {
    "name": "Libya",
    "_id": "LY",
    "alpha-3": "LBY",
    "country-code": 434,
    "iso_3166-2": "ISO 3166-2:LY",
    "region": "Africa",
    "subRegion": "Northern Africa",
    "intermediate-region": "",
    "region-code": "002",
    "subRegion-code": "015",
    "intermediate-region-code": ""
  },
  {
    "name": "Liechtenstein",
    "_id": "LI",
    "alpha-3": "LIE",
    "country-code": 438,
    "iso_3166-2": "ISO 3166-2:LI",
    "region": "Europe",
    "subRegion": "Western Europe",
    "intermediate-region": "",
    "region-code": 150,
    "subRegion-code": 155,
    "intermediate-region-code": ""
  },
  {
    "name": "Lithuania",
    "_id": "LT",
    "alpha-3": "LTU",
    "country-code": 440,
    "iso_3166-2": "ISO 3166-2:LT",
    "region": "Europe",
    "subRegion": "Northern Europe",
    "intermediate-region": "",
    "region-code": 150,
    "subRegion-code": 154,
    "intermediate-region-code": ""
  },
  {
    "name": "Luxembourg",
    "_id": "LU",
    "alpha-3": "LUX",
    "country-code": 442,
    "iso_3166-2": "ISO 3166-2:LU",
    "region": "Europe",
    "subRegion": "Western Europe",
    "intermediate-region": "",
    "region-code": 150,
    "subRegion-code": 155,
    "intermediate-region-code": ""
  },
  {
    "name": "Macao",
    "_id": "MO",
    "alpha-3": "MAC",
    "country-code": 446,
    "iso_3166-2": "ISO 3166-2:MO",
    "region": "Asia",
    "subRegion": "Eastern Asia",
    "intermediate-region": "",
    "region-code": 142,
    "subRegion-code": "030",
    "intermediate-region-code": ""
  },
  {
    "name": "Madagascar",
    "_id": "MG",
    "alpha-3": "MDG",
    "country-code": 450,
    "iso_3166-2": "ISO 3166-2:MG",
    "region": "Africa",
    "subRegion": "Sub-Saharan Africa",
    "intermediate-region": "Eastern Africa",
    "region-code": "002",
    "subRegion-code": 202,
    "intermediate-region-code": "014"
  },
  {
    "name": "Malawi",
    "_id": "MW",
    "alpha-3": "MWI",
    "country-code": 454,
    "iso_3166-2": "ISO 3166-2:MW",
    "region": "Africa",
    "subRegion": "Sub-Saharan Africa",
    "intermediate-region": "Eastern Africa",
    "region-code": "002",
    "subRegion-code": 202,
    "intermediate-region-code": "014"
  },
  {
    "name": "Malaysia",
    "_id": "MY",
    "alpha-3": "MYS",
    "country-code": 458,
    "iso_3166-2": "ISO 3166-2:MY",
    "region": "Asia",
    "subRegion": "South-eastern Asia",
    "intermediate-region": "",
    "region-code": 142,
    "subRegion-code": "035",
    "intermediate-region-code": ""
  },
  {
    "name": "Maldives",
    "_id": "MV",
    "alpha-3": "MDV",
    "country-code": 462,
    "iso_3166-2": "ISO 3166-2:MV",
    "region": "Asia",
    "subRegion": "Southern Asia",
    "intermediate-region": "",
    "region-code": 142,
    "subRegion-code": "034",
    "intermediate-region-code": ""
  },
  {
    "name": "Mali",
    "_id": "ML",
    "alpha-3": "MLI",
    "country-code": 466,
    "iso_3166-2": "ISO 3166-2:ML",
    "region": "Africa",
    "subRegion": "Sub-Saharan Africa",
    "intermediate-region": "Western Africa",
    "region-code": "002",
    "subRegion-code": 202,
    "intermediate-region-code": "011"
  },
  {
    "name": "Malta",
    "_id": "MT",
    "alpha-3": "MLT",
    "country-code": 470,
    "iso_3166-2": "ISO 3166-2:MT",
    "region": "Europe",
    "subRegion": "Southern Europe",
    "intermediate-region": "",
    "region-code": 150,
    "subRegion-code": "039",
    "intermediate-region-code": ""
  },
  {
    "name": "Marshall Islands",
    "_id": "MH",
    "alpha-3": "MHL",
    "country-code": 584,
    "iso_3166-2": "ISO 3166-2:MH",
    "region": "Oceania",
    "subRegion": "Micronesia",
    "intermediate-region": "",
    "region-code": "009",
    "subRegion-code": "057",
    "intermediate-region-code": ""
  },
  {
    "name": "Martinique",
    "_id": "MQ",
    "alpha-3": "MTQ",
    "country-code": 474,
    "iso_3166-2": "ISO 3166-2:MQ",
    "region": "Americas",
    "subRegion": "Latin America and the Caribbean",
    "intermediate-region": "Caribbean",
    "region-code": "019",
    "subRegion-code": 419,
    "intermediate-region-code": "029"
  },
  {
    "name": "Mauritania",
    "_id": "MR",
    "alpha-3": "MRT",
    "country-code": 478,
    "iso_3166-2": "ISO 3166-2:MR",
    "region": "Africa",
    "subRegion": "Sub-Saharan Africa",
    "intermediate-region": "Western Africa",
    "region-code": "002",
    "subRegion-code": 202,
    "intermediate-region-code": "011"
  },
  {
    "name": "Mauritius",
    "_id": "MU",
    "alpha-3": "MUS",
    "country-code": 480,
    "iso_3166-2": "ISO 3166-2:MU",
    "region": "Africa",
    "subRegion": "Sub-Saharan Africa",
    "intermediate-region": "Eastern Africa",
    "region-code": "002",
    "subRegion-code": 202,
    "intermediate-region-code": "014"
  },
  {
    "name": "Mayotte",
    "_id": "YT",
    "alpha-3": "MYT",
    "country-code": 175,
    "iso_3166-2": "ISO 3166-2:YT",
    "region": "Africa",
    "subRegion": "Sub-Saharan Africa",
    "intermediate-region": "Eastern Africa",
    "region-code": "002",
    "subRegion-code": 202,
    "intermediate-region-code": "014"
  },
  {
    "name": "Mexico",
    "_id": "MX",
    "alpha-3": "MEX",
    "country-code": 484,
    "iso_3166-2": "ISO 3166-2:MX",
    "region": "Americas",
    "subRegion": "Latin America and the Caribbean",
    "intermediate-region": "Central America",
    "region-code": "019",
    "subRegion-code": 419,
    "intermediate-region-code": "013"
  },
  {
    "name": "Micronesia (Federated States of)",
    "_id": "FM",
    "alpha-3": "FSM",
    "country-code": 583,
    "iso_3166-2": "ISO 3166-2:FM",
    "region": "Oceania",
    "subRegion": "Micronesia",
    "intermediate-region": "",
    "region-code": "009",
    "subRegion-code": "057",
    "intermediate-region-code": ""
  },
  {
    "name": "Moldova, Republic of",
    "_id": "MD",
    "alpha-3": "MDA",
    "country-code": 498,
    "iso_3166-2": "ISO 3166-2:MD",
    "region": "Europe",
    "subRegion": "Eastern Europe",
    "intermediate-region": "",
    "region-code": 150,
    "subRegion-code": 151,
    "intermediate-region-code": ""
  },
  {
    "name": "Monaco",
    "_id": "MC",
    "alpha-3": "MCO",
    "country-code": 492,
    "iso_3166-2": "ISO 3166-2:MC",
    "region": "Europe",
    "subRegion": "Western Europe",
    "intermediate-region": "",
    "region-code": 150,
    "subRegion-code": 155,
    "intermediate-region-code": ""
  },
  {
    "name": "Mongolia",
    "_id": "MN",
    "alpha-3": "MNG",
    "country-code": 496,
    "iso_3166-2": "ISO 3166-2:MN",
    "region": "Asia",
    "subRegion": "Eastern Asia",
    "intermediate-region": "",
    "region-code": 142,
    "subRegion-code": "030",
    "intermediate-region-code": ""
  },
  {
    "name": "Montenegro",
    "_id": "ME",
    "alpha-3": "MNE",
    "country-code": 499,
    "iso_3166-2": "ISO 3166-2:ME",
    "region": "Europe",
    "subRegion": "Southern Europe",
    "intermediate-region": "",
    "region-code": 150,
    "subRegion-code": "039",
    "intermediate-region-code": ""
  },
  {
    "name": "Montserrat",
    "_id": "MS",
    "alpha-3": "MSR",
    "country-code": 500,
    "iso_3166-2": "ISO 3166-2:MS",
    "region": "Americas",
    "subRegion": "Latin America and the Caribbean",
    "intermediate-region": "Caribbean",
    "region-code": "019",
    "subRegion-code": 419,
    "intermediate-region-code": "029"
  },
  {
    "name": "Morocco",
    "_id": "MA",
    "alpha-3": "MAR",
    "country-code": 504,
    "iso_3166-2": "ISO 3166-2:MA",
    "region": "Africa",
    "subRegion": "Northern Africa",
    "intermediate-region": "",
    "region-code": "002",
    "subRegion-code": "015",
    "intermediate-region-code": ""
  },
  {
    "name": "Mozambique",
    "_id": "MZ",
    "alpha-3": "MOZ",
    "country-code": 508,
    "iso_3166-2": "ISO 3166-2:MZ",
    "region": "Africa",
    "subRegion": "Sub-Saharan Africa",
    "intermediate-region": "Eastern Africa",
    "region-code": "002",
    "subRegion-code": 202,
    "intermediate-region-code": "014"
  },
  {
    "name": "Myanmar",
    "_id": "MM",
    "alpha-3": "MMR",
    "country-code": 104,
    "iso_3166-2": "ISO 3166-2:MM",
    "region": "Asia",
    "subRegion": "South-eastern Asia",
    "intermediate-region": "",
    "region-code": 142,
    "subRegion-code": "035",
    "intermediate-region-code": ""
  },
  {
    "name": "Namibia",
    "_id": "NA",
    "alpha-3": "NAM",
    "country-code": 516,
    "iso_3166-2": "ISO 3166-2:NA",
    "region": "Africa",
    "subRegion": "Sub-Saharan Africa",
    "intermediate-region": "Southern Africa",
    "region-code": "002",
    "subRegion-code": 202,
    "intermediate-region-code": "018"
  },
  {
    "name": "Nauru",
    "_id": "NR",
    "alpha-3": "NRU",
    "country-code": 520,
    "iso_3166-2": "ISO 3166-2:NR",
    "region": "Oceania",
    "subRegion": "Micronesia",
    "intermediate-region": "",
    "region-code": "009",
    "subRegion-code": "057",
    "intermediate-region-code": ""
  },
  {
    "name": "Nepal",
    "_id": "NP",
    "alpha-3": "NPL",
    "country-code": 524,
    "iso_3166-2": "ISO 3166-2:NP",
    "region": "Asia",
    "subRegion": "Southern Asia",
    "intermediate-region": "",
    "region-code": 142,
    "subRegion-code": "034",
    "intermediate-region-code": ""
  },
  {
    "name": "Netherlands",
    "_id": "NL",
    "alpha-3": "NLD",
    "country-code": 528,
    "iso_3166-2": "ISO 3166-2:NL",
    "region": "Europe",
    "subRegion": "Western Europe",
    "intermediate-region": "",
    "region-code": 150,
    "subRegion-code": 155,
    "intermediate-region-code": ""
  },
  {
    "name": "New Caledonia",
    "_id": "NC",
    "alpha-3": "NCL",
    "country-code": 540,
    "iso_3166-2": "ISO 3166-2:NC",
    "region": "Oceania",
    "subRegion": "Melanesia",
    "intermediate-region": "",
    "region-code": "009",
    "subRegion-code": "054",
    "intermediate-region-code": ""
  },
  {
    "name": "New Zealand",
    "_id": "NZ",
    "alpha-3": "NZL",
    "country-code": 554,
    "iso_3166-2": "ISO 3166-2:NZ",
    "region": "Oceania",
    "subRegion": "Australia and New Zealand",
    "intermediate-region": "",
    "region-code": "009",
    "subRegion-code": "053",
    "intermediate-region-code": ""
  },
  {
    "name": "Nicaragua",
    "_id": "NI",
    "alpha-3": "NIC",
    "country-code": 558,
    "iso_3166-2": "ISO 3166-2:NI",
    "region": "Americas",
    "subRegion": "Latin America and the Caribbean",
    "intermediate-region": "Central America",
    "region-code": "019",
    "subRegion-code": 419,
    "intermediate-region-code": "013"
  },
  {
    "name": "Niger",
    "_id": "NE",
    "alpha-3": "NER",
    "country-code": 562,
    "iso_3166-2": "ISO 3166-2:NE",
    "region": "Africa",
    "subRegion": "Sub-Saharan Africa",
    "intermediate-region": "Western Africa",
    "region-code": "002",
    "subRegion-code": 202,
    "intermediate-region-code": "011"
  },
  {
    "name": "Nigeria",
    "_id": "NG",
    "alpha-3": "NGA",
    "country-code": 566,
    "iso_3166-2": "ISO 3166-2:NG",
    "region": "Africa",
    "subRegion": "Sub-Saharan Africa",
    "intermediate-region": "Western Africa",
    "region-code": "002",
    "subRegion-code": 202,
    "intermediate-region-code": "011"
  },
  {
    "name": "Niue",
    "_id": "NU",
    "alpha-3": "NIU",
    "country-code": 570,
    "iso_3166-2": "ISO 3166-2:NU",
    "region": "Oceania",
    "subRegion": "Polynesia",
    "intermediate-region": "",
    "region-code": "009",
    "subRegion-code": "061",
    "intermediate-region-code": ""
  },
  {
    "name": "Norfolk Island",
    "_id": "NF",
    "alpha-3": "NFK",
    "country-code": 574,
    "iso_3166-2": "ISO 3166-2:NF",
    "region": "Oceania",
    "subRegion": "Australia and New Zealand",
    "intermediate-region": "",
    "region-code": "009",
    "subRegion-code": "053",
    "intermediate-region-code": ""
  },
  {
    "name": "North Macedonia",
    "_id": "MK",
    "alpha-3": "MKD",
    "country-code": 807,
    "iso_3166-2": "ISO 3166-2:MK",
    "region": "Europe",
    "subRegion": "Southern Europe",
    "intermediate-region": "",
    "region-code": 150,
    "subRegion-code": "039",
    "intermediate-region-code": ""
  },
  {
    "name": "Northern Mariana Islands",
    "_id": "MP",
    "alpha-3": "MNP",
    "country-code": 580,
    "iso_3166-2": "ISO 3166-2:MP",
    "region": "Oceania",
    "subRegion": "Micronesia",
    "intermediate-region": "",
    "region-code": "009",
    "subRegion-code": "057",
    "intermediate-region-code": ""
  },
  {
    "name": "Norway",
    "_id": "NO",
    "alpha-3": "NOR",
    "country-code": 578,
    "iso_3166-2": "ISO 3166-2:NO",
    "region": "Europe",
    "subRegion": "Northern Europe",
    "intermediate-region": "",
    "region-code": 150,
    "subRegion-code": 154,
    "intermediate-region-code": ""
  },
  {
    "name": "Oman",
    "_id": "OM",
    "alpha-3": "OMN",
    "country-code": 512,
    "iso_3166-2": "ISO 3166-2:OM",
    "region": "Asia",
    "subRegion": "Western Asia",
    "intermediate-region": "",
    "region-code": 142,
    "subRegion-code": 145,
    "intermediate-region-code": ""
  },
  {
    "name": "Pakistan",
    "_id": "PK",
    "alpha-3": "PAK",
    "country-code": 586,
    "iso_3166-2": "ISO 3166-2:PK",
    "region": "Asia",
    "subRegion": "Southern Asia",
    "intermediate-region": "",
    "region-code": 142,
    "subRegion-code": "034",
    "intermediate-region-code": ""
  },
  {
    "name": "Palau",
    "_id": "PW",
    "alpha-3": "PLW",
    "country-code": 585,
    "iso_3166-2": "ISO 3166-2:PW",
    "region": "Oceania",
    "subRegion": "Micronesia",
    "intermediate-region": "",
    "region-code": "009",
    "subRegion-code": "057",
    "intermediate-region-code": ""
  },
  {
    "name": "Palestine, State of",
    "_id": "PS",
    "alpha-3": "PSE",
    "country-code": 275,
    "iso_3166-2": "ISO 3166-2:PS",
    "region": "Asia",
    "subRegion": "Western Asia",
    "intermediate-region": "",
    "region-code": 142,
    "subRegion-code": 145,
    "intermediate-region-code": ""
  },
  {
    "name": "Panama",
    "_id": "PA",
    "alpha-3": "PAN",
    "country-code": 591,
    "iso_3166-2": "ISO 3166-2:PA",
    "region": "Americas",
    "subRegion": "Latin America and the Caribbean",
    "intermediate-region": "Central America",
    "region-code": "019",
    "subRegion-code": 419,
    "intermediate-region-code": "013"
  },
  {
    "name": "Papua New Guinea",
    "_id": "PG",
    "alpha-3": "PNG",
    "country-code": 598,
    "iso_3166-2": "ISO 3166-2:PG",
    "region": "Oceania",
    "subRegion": "Melanesia",
    "intermediate-region": "",
    "region-code": "009",
    "subRegion-code": "054",
    "intermediate-region-code": ""
  },
  {
    "name": "Paraguay",
    "_id": "PY",
    "alpha-3": "PRY",
    "country-code": 600,
    "iso_3166-2": "ISO 3166-2:PY",
    "region": "Americas",
    "subRegion": "Latin America and the Caribbean",
    "intermediate-region": "South America",
    "region-code": "019",
    "subRegion-code": 419,
    "intermediate-region-code": "005"
  },
  {
    "name": "Peru",
    "_id": "PE",
    "alpha-3": "PER",
    "country-code": 604,
    "iso_3166-2": "ISO 3166-2:PE",
    "region": "Americas",
    "subRegion": "Latin America and the Caribbean",
    "intermediate-region": "South America",
    "region-code": "019",
    "subRegion-code": 419,
    "intermediate-region-code": "005"
  },
  {
    "name": "Philippines",
    "_id": "PH",
    "alpha-3": "PHL",
    "country-code": 608,
    "iso_3166-2": "ISO 3166-2:PH",
    "region": "Asia",
    "subRegion": "South-eastern Asia",
    "intermediate-region": "",
    "region-code": 142,
    "subRegion-code": "035",
    "intermediate-region-code": ""
  },
  {
    "name": "Pitcairn",
    "_id": "PN",
    "alpha-3": "PCN",
    "country-code": 612,
    "iso_3166-2": "ISO 3166-2:PN",
    "region": "Oceania",
    "subRegion": "Polynesia",
    "intermediate-region": "",
    "region-code": "009",
    "subRegion-code": "061",
    "intermediate-region-code": ""
  },
  {
    "name": "Poland",
    "_id": "PL",
    "alpha-3": "POL",
    "country-code": 616,
    "iso_3166-2": "ISO 3166-2:PL",
    "region": "Europe",
    "subRegion": "Eastern Europe",
    "intermediate-region": "",
    "region-code": 150,
    "subRegion-code": 151,
    "intermediate-region-code": ""
  },
  {
    "name": "Portugal",
    "_id": "PT",
    "alpha-3": "PRT",
    "country-code": 620,
    "iso_3166-2": "ISO 3166-2:PT",
    "region": "Europe",
    "subRegion": "Southern Europe",
    "intermediate-region": "",
    "region-code": 150,
    "subRegion-code": "039",
    "intermediate-region-code": ""
  },
  {
    "name": "Puerto Rico",
    "_id": "PR",
    "alpha-3": "PRI",
    "country-code": 630,
    "iso_3166-2": "ISO 3166-2:PR",
    "region": "Americas",
    "subRegion": "Latin America and the Caribbean",
    "intermediate-region": "Caribbean",
    "region-code": "019",
    "subRegion-code": 419,
    "intermediate-region-code": "029"
  },
  {
    "name": "Qatar",
    "_id": "QA",
    "alpha-3": "QAT",
    "country-code": 634,
    "iso_3166-2": "ISO 3166-2:QA",
    "region": "Asia",
    "subRegion": "Western Asia",
    "intermediate-region": "",
    "region-code": 142,
    "subRegion-code": 145,
    "intermediate-region-code": ""
  },
  {
    "name": "Réunion",
    "_id": "RE",
    "alpha-3": "REU",
    "country-code": 638,
    "iso_3166-2": "ISO 3166-2:RE",
    "region": "Africa",
    "subRegion": "Sub-Saharan Africa",
    "intermediate-region": "Eastern Africa",
    "region-code": "002",
    "subRegion-code": 202,
    "intermediate-region-code": "014"
  },
  {
    "name": "Romania",
    "_id": "RO",
    "alpha-3": "ROU",
    "country-code": 642,
    "iso_3166-2": "ISO 3166-2:RO",
    "region": "Europe",
    "subRegion": "Eastern Europe",
    "intermediate-region": "",
    "region-code": 150,
    "subRegion-code": 151,
    "intermediate-region-code": ""
  },
  {
    "name": "Russian Federation",
    "_id": "RU",
    "alpha-3": "RUS",
    "country-code": 643,
    "iso_3166-2": "ISO 3166-2:RU",
    "region": "Europe",
    "subRegion": "Eastern Europe",
    "intermediate-region": "",
    "region-code": 150,
    "subRegion-code": 151,
    "intermediate-region-code": ""
  },
  {
    "name": "Rwanda",
    "_id": "RW",
    "alpha-3": "RWA",
    "country-code": 646,
    "iso_3166-2": "ISO 3166-2:RW",
    "region": "Africa",
    "subRegion": "Sub-Saharan Africa",
    "intermediate-region": "Eastern Africa",
    "region-code": "002",
    "subRegion-code": 202,
    "intermediate-region-code": "014"
  },
  {
    "name": "Saint Barthélemy",
    "_id": "BL",
    "alpha-3": "BLM",
    "country-code": 652,
    "iso_3166-2": "ISO 3166-2:BL",
    "region": "Americas",
    "subRegion": "Latin America and the Caribbean",
    "intermediate-region": "Caribbean",
    "region-code": "019",
    "subRegion-code": 419,
    "intermediate-region-code": "029"
  },
  {
    "name": "Saint Helena, Ascension and Tristan da Cunha",
    "_id": "SH",
    "alpha-3": "SHN",
    "country-code": 654,
    "iso_3166-2": "ISO 3166-2:SH",
    "region": "Africa",
    "subRegion": "Sub-Saharan Africa",
    "intermediate-region": "Western Africa",
    "region-code": "002",
    "subRegion-code": 202,
    "intermediate-region-code": "011"
  },
  {
    "name": "Saint Kitts and Nevis",
    "_id": "KN",
    "alpha-3": "KNA",
    "country-code": 659,
    "iso_3166-2": "ISO 3166-2:KN",
    "region": "Americas",
    "subRegion": "Latin America and the Caribbean",
    "intermediate-region": "Caribbean",
    "region-code": "019",
    "subRegion-code": 419,
    "intermediate-region-code": "029"
  },
  {
    "name": "Saint Lucia",
    "_id": "LC",
    "alpha-3": "LCA",
    "country-code": 662,
    "iso_3166-2": "ISO 3166-2:LC",
    "region": "Americas",
    "subRegion": "Latin America and the Caribbean",
    "intermediate-region": "Caribbean",
    "region-code": "019",
    "subRegion-code": 419,
    "intermediate-region-code": "029"
  },
  {
    "name": "Saint Martin (French part)",
    "_id": "MF",
    "alpha-3": "MAF",
    "country-code": 663,
    "iso_3166-2": "ISO 3166-2:MF",
    "region": "Americas",
    "subRegion": "Latin America and the Caribbean",
    "intermediate-region": "Caribbean",
    "region-code": "019",
    "subRegion-code": 419,
    "intermediate-region-code": "029"
  },
  {
    "name": "Saint Pierre and Miquelon",
    "_id": "PM",
    "alpha-3": "SPM",
    "country-code": 666,
    "iso_3166-2": "ISO 3166-2:PM",
    "region": "Americas",
    "subRegion": "Northern America",
    "intermediate-region": "",
    "region-code": "019",
    "subRegion-code": "021",
    "intermediate-region-code": ""
  },
  {
    "name": "Saint Vincent and the Grenadines",
    "_id": "VC",
    "alpha-3": "VCT",
    "country-code": 670,
    "iso_3166-2": "ISO 3166-2:VC",
    "region": "Americas",
    "subRegion": "Latin America and the Caribbean",
    "intermediate-region": "Caribbean",
    "region-code": "019",
    "subRegion-code": 419,
    "intermediate-region-code": "029"
  },
  {
    "name": "Samoa",
    "_id": "WS",
    "alpha-3": "WSM",
    "country-code": 882,
    "iso_3166-2": "ISO 3166-2:WS",
    "region": "Oceania",
    "subRegion": "Polynesia",
    "intermediate-region": "",
    "region-code": "009",
    "subRegion-code": "061",
    "intermediate-region-code": ""
  },
  {
    "name": "San Marino",
    "_id": "SM",
    "alpha-3": "SMR",
    "country-code": 674,
    "iso_3166-2": "ISO 3166-2:SM",
    "region": "Europe",
    "subRegion": "Southern Europe",
    "intermediate-region": "",
    "region-code": 150,
    "subRegion-code": "039",
    "intermediate-region-code": ""
  },
  {
    "name": "Sao Tome and Principe",
    "_id": "ST",
    "alpha-3": "STP",
    "country-code": 678,
    "iso_3166-2": "ISO 3166-2:ST",
    "region": "Africa",
    "subRegion": "Sub-Saharan Africa",
    "intermediate-region": "Middle Africa",
    "region-code": "002",
    "subRegion-code": 202,
    "intermediate-region-code": "017"
  },
  {
    "name": "Saudi Arabia",
    "_id": "SA",
    "alpha-3": "SAU",
    "country-code": 682,
    "iso_3166-2": "ISO 3166-2:SA",
    "region": "Asia",
    "subRegion": "Western Asia",
    "intermediate-region": "",
    "region-code": 142,
    "subRegion-code": 145,
    "intermediate-region-code": ""
  },
  {
    "name": "Senegal",
    "_id": "SN",
    "alpha-3": "SEN",
    "country-code": 686,
    "iso_3166-2": "ISO 3166-2:SN",
    "region": "Africa",
    "subRegion": "Sub-Saharan Africa",
    "intermediate-region": "Western Africa",
    "region-code": "002",
    "subRegion-code": 202,
    "intermediate-region-code": "011"
  },
  {
    "name": "Serbia",
    "_id": "RS",
    "alpha-3": "SRB",
    "country-code": 688,
    "iso_3166-2": "ISO 3166-2:RS",
    "region": "Europe",
    "subRegion": "Southern Europe",
    "intermediate-region": "",
    "region-code": 150,
    "subRegion-code": "039",
    "intermediate-region-code": ""
  },
  {
    "name": "Seychelles",
    "_id": "SC",
    "alpha-3": "SYC",
    "country-code": 690,
    "iso_3166-2": "ISO 3166-2:SC",
    "region": "Africa",
    "subRegion": "Sub-Saharan Africa",
    "intermediate-region": "Eastern Africa",
    "region-code": "002",
    "subRegion-code": 202,
    "intermediate-region-code": "014"
  },
  {
    "name": "Sierra Leone",
    "_id": "SL",
    "alpha-3": "SLE",
    "country-code": 694,
    "iso_3166-2": "ISO 3166-2:SL",
    "region": "Africa",
    "subRegion": "Sub-Saharan Africa",
    "intermediate-region": "Western Africa",
    "region-code": "002",
    "subRegion-code": 202,
    "intermediate-region-code": "011"
  },
  {
    "name": "Singapore",
    "_id": "SG",
    "alpha-3": "SGP",
    "country-code": 702,
    "iso_3166-2": "ISO 3166-2:SG",
    "region": "Asia",
    "subRegion": "South-eastern Asia",
    "intermediate-region": "",
    "region-code": 142,
    "subRegion-code": "035",
    "intermediate-region-code": ""
  },
  {
    "name": "Sint Maarten (Dutch part)",
    "_id": "SX",
    "alpha-3": "SXM",
    "country-code": 534,
    "iso_3166-2": "ISO 3166-2:SX",
    "region": "Americas",
    "subRegion": "Latin America and the Caribbean",
    "intermediate-region": "Caribbean",
    "region-code": "019",
    "subRegion-code": 419,
    "intermediate-region-code": "029"
  },
  {
    "name": "Slovakia",
    "_id": "SK",
    "alpha-3": "SVK",
    "country-code": 703,
    "iso_3166-2": "ISO 3166-2:SK",
    "region": "Europe",
    "subRegion": "Eastern Europe",
    "intermediate-region": "",
    "region-code": 150,
    "subRegion-code": 151,
    "intermediate-region-code": ""
  },
  {
    "name": "Slovenia",
    "_id": "SI",
    "alpha-3": "SVN",
    "country-code": 705,
    "iso_3166-2": "ISO 3166-2:SI",
    "region": "Europe",
    "subRegion": "Southern Europe",
    "intermediate-region": "",
    "region-code": 150,
    "subRegion-code": "039",
    "intermediate-region-code": ""
  },
  {
    "name": "Solomon Islands",
    "_id": "SB",
    "alpha-3": "SLB",
    "country-code": "090",
    "iso_3166-2": "ISO 3166-2:SB",
    "region": "Oceania",
    "subRegion": "Melanesia",
    "intermediate-region": "",
    "region-code": "009",
    "subRegion-code": "054",
    "intermediate-region-code": ""
  },
  {
    "name": "Somalia",
    "_id": "SO",
    "alpha-3": "SOM",
    "country-code": 706,
    "iso_3166-2": "ISO 3166-2:SO",
    "region": "Africa",
    "subRegion": "Sub-Saharan Africa",
    "intermediate-region": "Eastern Africa",
    "region-code": "002",
    "subRegion-code": 202,
    "intermediate-region-code": "014"
  },
  {
    "name": "South Africa",
    "_id": "ZA",
    "alpha-3": "ZAF",
    "country-code": 710,
    "iso_3166-2": "ISO 3166-2:ZA",
    "region": "Africa",
    "subRegion": "Sub-Saharan Africa",
    "intermediate-region": "Southern Africa",
    "region-code": "002",
    "subRegion-code": 202,
    "intermediate-region-code": "018"
  },
  {
    "name": "South Georgia and the South Sandwich Islands",
    "_id": "GS",
    "alpha-3": "SGS",
    "country-code": 239,
    "iso_3166-2": "ISO 3166-2:GS",
    "region": "Americas",
    "subRegion": "Latin America and the Caribbean",
    "intermediate-region": "South America",
    "region-code": "019",
    "subRegion-code": 419,
    "intermediate-region-code": "005"
  },
  {
    "name": "South Sudan",
    "_id": "SS",
    "alpha-3": "SSD",
    "country-code": 728,
    "iso_3166-2": "ISO 3166-2:SS",
    "region": "Africa",
    "subRegion": "Sub-Saharan Africa",
    "intermediate-region": "Eastern Africa",
    "region-code": "002",
    "subRegion-code": 202,
    "intermediate-region-code": "014"
  },
  {
    "name": "Spain",
    "_id": "ES",
    "alpha-3": "ESP",
    "country-code": 724,
    "iso_3166-2": "ISO 3166-2:ES",
    "region": "Europe",
    "subRegion": "Southern Europe",
    "intermediate-region": "",
    "region-code": 150,
    "subRegion-code": "039",
    "intermediate-region-code": ""
  },
  {
    "name": "Sri Lanka",
    "_id": "LK",
    "alpha-3": "LKA",
    "country-code": 144,
    "iso_3166-2": "ISO 3166-2:LK",
    "region": "Asia",
    "subRegion": "Southern Asia",
    "intermediate-region": "",
    "region-code": 142,
    "subRegion-code": "034",
    "intermediate-region-code": ""
  },
  {
    "name": "Sudan",
    "_id": "SD",
    "alpha-3": "SDN",
    "country-code": 729,
    "iso_3166-2": "ISO 3166-2:SD",
    "region": "Africa",
    "subRegion": "Northern Africa",
    "intermediate-region": "",
    "region-code": "002",
    "subRegion-code": "015",
    "intermediate-region-code": ""
  },
  {
    "name": "Suriname",
    "_id": "SR",
    "alpha-3": "SUR",
    "country-code": 740,
    "iso_3166-2": "ISO 3166-2:SR",
    "region": "Americas",
    "subRegion": "Latin America and the Caribbean",
    "intermediate-region": "South America",
    "region-code": "019",
    "subRegion-code": 419,
    "intermediate-region-code": "005"
  },
  {
    "name": "Svalbard and Jan Mayen",
    "_id": "SJ",
    "alpha-3": "SJM",
    "country-code": 744,
    "iso_3166-2": "ISO 3166-2:SJ",
    "region": "Europe",
    "subRegion": "Northern Europe",
    "intermediate-region": "",
    "region-code": 150,
    "subRegion-code": 154,
    "intermediate-region-code": ""
  },
  {
    "name": "Sweden",
    "_id": "SE",
    "alpha-3": "SWE",
    "country-code": 752,
    "iso_3166-2": "ISO 3166-2:SE",
    "region": "Europe",
    "subRegion": "Northern Europe",
    "intermediate-region": "",
    "region-code": 150,
    "subRegion-code": 154,
    "intermediate-region-code": ""
  },
  {
    "name": "Switzerland",
    "_id": "CH",
    "alpha-3": "CHE",
    "country-code": 756,
    "iso_3166-2": "ISO 3166-2:CH",
    "region": "Europe",
    "subRegion": "Western Europe",
    "intermediate-region": "",
    "region-code": 150,
    "subRegion-code": 155,
    "intermediate-region-code": ""
  },
  {
    "name": "Syrian Arab Republic",
    "_id": "SY",
    "alpha-3": "SYR",
    "country-code": 760,
    "iso_3166-2": "ISO 3166-2:SY",
    "region": "Asia",
    "subRegion": "Western Asia",
    "intermediate-region": "",
    "region-code": 142,
    "subRegion-code": 145,
    "intermediate-region-code": ""
  },
  {
    "name": "Taiwan, Province of China",
    "_id": "TW",
    "alpha-3": "TWN",
    "country-code": 158,
    "iso_3166-2": "ISO 3166-2:TW",
    "region": "Asia",
    "subRegion": "Eastern Asia",
    "intermediate-region": "",
    "region-code": 142,
    "subRegion-code": "030",
    "intermediate-region-code": ""
  },
  {
    "name": "Tajikistan",
    "_id": "TJ",
    "alpha-3": "TJK",
    "country-code": 762,
    "iso_3166-2": "ISO 3166-2:TJ",
    "region": "Asia",
    "subRegion": "Central Asia",
    "intermediate-region": "",
    "region-code": 142,
    "subRegion-code": 143,
    "intermediate-region-code": ""
  },
  {
    "name": "Tanzania, United Republic of",
    "_id": "TZ",
    "alpha-3": "TZA",
    "country-code": 834,
    "iso_3166-2": "ISO 3166-2:TZ",
    "region": "Africa",
    "subRegion": "Sub-Saharan Africa",
    "intermediate-region": "Eastern Africa",
    "region-code": "002",
    "subRegion-code": 202,
    "intermediate-region-code": "014"
  },
  {
    "name": "Thailand",
    "_id": "TH",
    "alpha-3": "THA",
    "country-code": 764,
    "iso_3166-2": "ISO 3166-2:TH",
    "region": "Asia",
    "subRegion": "South-eastern Asia",
    "intermediate-region": "",
    "region-code": 142,
    "subRegion-code": "035",
    "intermediate-region-code": ""
  },
  {
    "name": "Timor-Leste",
    "_id": "TL",
    "alpha-3": "TLS",
    "country-code": 626,
    "iso_3166-2": "ISO 3166-2:TL",
    "region": "Asia",
    "subRegion": "South-eastern Asia",
    "intermediate-region": "",
    "region-code": 142,
    "subRegion-code": "035",
    "intermediate-region-code": ""
  },
  {
    "name": "Togo",
    "_id": "TG",
    "alpha-3": "TGO",
    "country-code": 768,
    "iso_3166-2": "ISO 3166-2:TG",
    "region": "Africa",
    "subRegion": "Sub-Saharan Africa",
    "intermediate-region": "Western Africa",
    "region-code": "002",
    "subRegion-code": 202,
    "intermediate-region-code": "011"
  },
  {
    "name": "Tokelau",
    "_id": "TK",
    "alpha-3": "TKL",
    "country-code": 772,
    "iso_3166-2": "ISO 3166-2:TK",
    "region": "Oceania",
    "subRegion": "Polynesia",
    "intermediate-region": "",
    "region-code": "009",
    "subRegion-code": "061",
    "intermediate-region-code": ""
  },
  {
    "name": "Tonga",
    "_id": "TO",
    "alpha-3": "TON",
    "country-code": 776,
    "iso_3166-2": "ISO 3166-2:TO",
    "region": "Oceania",
    "subRegion": "Polynesia",
    "intermediate-region": "",
    "region-code": "009",
    "subRegion-code": "061",
    "intermediate-region-code": ""
  },
  {
    "name": "Trinidad and Tobago",
    "_id": "TT",
    "alpha-3": "TTO",
    "country-code": 780,
    "iso_3166-2": "ISO 3166-2:TT",
    "region": "Americas",
    "subRegion": "Latin America and the Caribbean",
    "intermediate-region": "Caribbean",
    "region-code": "019",
    "subRegion-code": 419,
    "intermediate-region-code": "029"
  },
  {
    "name": "Tunisia",
    "_id": "TN",
    "alpha-3": "TUN",
    "country-code": 788,
    "iso_3166-2": "ISO 3166-2:TN",
    "region": "Africa",
    "subRegion": "Northern Africa",
    "intermediate-region": "",
    "region-code": "002",
    "subRegion-code": "015",
    "intermediate-region-code": ""
  },
  {
    "name": "Turkey",
    "_id": "TR",
    "alpha-3": "TUR",
    "country-code": 792,
    "iso_3166-2": "ISO 3166-2:TR",
    "region": "Asia",
    "subRegion": "Western Asia",
    "intermediate-region": "",
    "region-code": 142,
    "subRegion-code": 145,
    "intermediate-region-code": ""
  },
  {
    "name": "Turkmenistan",
    "_id": "TM",
    "alpha-3": "TKM",
    "country-code": 795,
    "iso_3166-2": "ISO 3166-2:TM",
    "region": "Asia",
    "subRegion": "Central Asia",
    "intermediate-region": "",
    "region-code": 142,
    "subRegion-code": 143,
    "intermediate-region-code": ""
  },
  {
    "name": "Turks and Caicos Islands",
    "_id": "TC",
    "alpha-3": "TCA",
    "country-code": 796,
    "iso_3166-2": "ISO 3166-2:TC",
    "region": "Americas",
    "subRegion": "Latin America and the Caribbean",
    "intermediate-region": "Caribbean",
    "region-code": "019",
    "subRegion-code": 419,
    "intermediate-region-code": "029"
  },
  {
    "name": "Tuvalu",
    "_id": "TV",
    "alpha-3": "TUV",
    "country-code": 798,
    "iso_3166-2": "ISO 3166-2:TV",
    "region": "Oceania",
    "subRegion": "Polynesia",
    "intermediate-region": "",
    "region-code": "009",
    "subRegion-code": "061",
    "intermediate-region-code": ""
  },
  {
    "name": "Uganda",
    "_id": "UG",
    "alpha-3": "UGA",
    "country-code": 800,
    "iso_3166-2": "ISO 3166-2:UG",
    "region": "Africa",
    "subRegion": "Sub-Saharan Africa",
    "intermediate-region": "Eastern Africa",
    "region-code": "002",
    "subRegion-code": 202,
    "intermediate-region-code": "014"
  },
  {
    "name": "Ukraine",
    "_id": "UA",
    "alpha-3": "UKR",
    "country-code": 804,
    "iso_3166-2": "ISO 3166-2:UA",
    "region": "Europe",
    "subRegion": "Eastern Europe",
    "intermediate-region": "",
    "region-code": 150,
    "subRegion-code": 151,
    "intermediate-region-code": ""
  },
  {
    "name": "United Arab Emirates",
    "_id": "AE",
    "alpha-3": "ARE",
    "country-code": 784,
    "iso_3166-2": "ISO 3166-2:AE",
    "region": "Asia",
    "subRegion": "Western Asia",
    "intermediate-region": "",
    "region-code": 142,
    "subRegion-code": 145,
    "intermediate-region-code": ""
  },
  {
    "name": "United Kingdom of Great Britain and Northern Ireland",
    "_id": "GB",
    "alpha-3": "GBR",
    "country-code": 826,
    "iso_3166-2": "ISO 3166-2:GB",
    "region": "Europe",
    "subRegion": "Northern Europe",
    "intermediate-region": "",
    "region-code": 150,
    "subRegion-code": 154,
    "intermediate-region-code": ""
  },
  {
    "name": "United States of America",
    "_id": "US",
    "alpha-3": "USA",
    "country-code": 840,
    "iso_3166-2": "ISO 3166-2:US",
    "region": "Americas",
    "subRegion": "Northern America",
    "intermediate-region": "",
    "region-code": "019",
    "subRegion-code": "021",
    "intermediate-region-code": ""
  },
  {
    "name": "United States Minor Outlying Islands",
    "_id": "UM",
    "alpha-3": "UMI",
    "country-code": 581,
    "iso_3166-2": "ISO 3166-2:UM",
    "region": "Oceania",
    "subRegion": "Micronesia",
    "intermediate-region": "",
    "region-code": "009",
    "subRegion-code": "057",
    "intermediate-region-code": ""
  },
  {
    "name": "Uruguay",
    "_id": "UY",
    "alpha-3": "URY",
    "country-code": 858,
    "iso_3166-2": "ISO 3166-2:UY",
    "region": "Americas",
    "subRegion": "Latin America and the Caribbean",
    "intermediate-region": "South America",
    "region-code": "019",
    "subRegion-code": 419,
    "intermediate-region-code": "005"
  },
  {
    "name": "Uzbekistan",
    "_id": "UZ",
    "alpha-3": "UZB",
    "country-code": 860,
    "iso_3166-2": "ISO 3166-2:UZ",
    "region": "Asia",
    "subRegion": "Central Asia",
    "intermediate-region": "",
    "region-code": 142,
    "subRegion-code": 143,
    "intermediate-region-code": ""
  },
  {
    "name": "Vanuatu",
    "_id": "VU",
    "alpha-3": "VUT",
    "country-code": 548,
    "iso_3166-2": "ISO 3166-2:VU",
    "region": "Oceania",
    "subRegion": "Melanesia",
    "intermediate-region": "",
    "region-code": "009",
    "subRegion-code": "054",
    "intermediate-region-code": ""
  },
  {
    "name": "Venezuela (Bolivarian Republic of)",
    "_id": "VE",
    "alpha-3": "VEN",
    "country-code": 862,
    "iso_3166-2": "ISO 3166-2:VE",
    "region": "Americas",
    "subRegion": "Latin America and the Caribbean",
    "intermediate-region": "South America",
    "region-code": "019",
    "subRegion-code": 419,
    "intermediate-region-code": "005"
  },
  {
    "name": "Viet Nam",
    "_id": "VN",
    "alpha-3": "VNM",
    "country-code": 704,
    "iso_3166-2": "ISO 3166-2:VN",
    "region": "Asia",
    "subRegion": "South-eastern Asia",
    "intermediate-region": "",
    "region-code": 142,
    "subRegion-code": "035",
    "intermediate-region-code": ""
  },
  {
    "name": "Virgin Islands (British)",
    "_id": "VG",
    "alpha-3": "VGB",
    "country-code": "092",
    "iso_3166-2": "ISO 3166-2:VG",
    "region": "Americas",
    "subRegion": "Latin America and the Caribbean",
    "intermediate-region": "Caribbean",
    "region-code": "019",
    "subRegion-code": 419,
    "intermediate-region-code": "029"
  },
  {
    "name": "Virgin Islands (U.S.)",
    "_id": "VI",
    "alpha-3": "VIR",
    "country-code": 850,
    "iso_3166-2": "ISO 3166-2:VI",
    "region": "Americas",
    "subRegion": "Latin America and the Caribbean",
    "intermediate-region": "Caribbean",
    "region-code": "019",
    "subRegion-code": 419,
    "intermediate-region-code": "029"
  },
  {
    "name": "Wallis and Futuna",
    "_id": "WF",
    "alpha-3": "WLF",
    "country-code": 876,
    "iso_3166-2": "ISO 3166-2:WF",
    "region": "Oceania",
    "subRegion": "Polynesia",
    "intermediate-region": "",
    "region-code": "009",
    "subRegion-code": "061",
    "intermediate-region-code": ""
  },
  {
    "name": "Western Sahara",
    "_id": "EH",
    "alpha-3": "ESH",
    "country-code": 732,
    "iso_3166-2": "ISO 3166-2:EH",
    "region": "Africa",
    "subRegion": "Northern Africa",
    "intermediate-region": "",
    "region-code": "002",
    "subRegion-code": "015",
    "intermediate-region-code": ""
  },
  {
    "name": "Yemen",
    "_id": "YE",
    "alpha-3": "YEM",
    "country-code": 887,
    "iso_3166-2": "ISO 3166-2:YE",
    "region": "Asia",
    "subRegion": "Western Asia",
    "intermediate-region": "",
    "region-code": 142,
    "subRegion-code": 145,
    "intermediate-region-code": ""
  },
  {
    "name": "Zambia",
    "_id": "ZM",
    "alpha-3": "ZMB",
    "country-code": 894,
    "iso_3166-2": "ISO 3166-2:ZM",
    "region": "Africa",
    "subRegion": "Sub-Saharan Africa",
    "intermediate-region": "Eastern Africa",
    "region-code": "002",
    "subRegion-code": 202,
    "intermediate-region-code": "014"
  },
  {
    "name": "Zimbabwe",
    "_id": "ZW",
    "alpha-3": "ZWE",
    "country-code": 716,
    "iso_3166-2": "ISO 3166-2:ZW",
    "region": "Africa",
    "subRegion": "Sub-Saharan Africa",
    "intermediate-region": "Eastern Africa",
    "region-code": "002",
    "subRegion-code": 202,
    "intermediate-region-code": "014"
  }
]